"","Selected","lon","lat","parasit_yes","parasit","bio1","bio2","bio3","bio4","bio5","bio6","bio7","bio8","bio9","bio10","bio11","bio12","bio13","bio14","bio15","bio16","bio17","bio18","bio19"
"1","CZ04_15",17.070593,48.852692,1,14.6,9.61250019073486,8.65833282470703,30.0636558532715,7.67102355957031,25.2000007629395,-3.59999990463257,28.8000011444092,18.9333343505859,1.58333337306976,18.9333343505859,0.0333333015441895,627,90,28,41.5476684570312,252,91,252,96
"2","CZ04_16",17.070593,48.852692,1,14.6,9.61250019073486,8.65833282470703,30.0636558532715,7.67102355957031,25.2000007629395,-3.59999990463257,28.8000011444092,18.9333343505859,1.58333337306976,18.9333343505859,0.0333333015441895,627,90,28,41.5476684570312,252,91,252,96
"3","CZ04_19",17.070593,48.852692,1,14.6,9.61250019073486,8.65833282470703,30.0636558532715,7.67102355957031,25.2000007629395,-3.59999990463257,28.8000011444092,18.9333343505859,1.58333337306976,18.9333343505859,0.0333333015441895,627,90,28,41.5476684570312,252,91,252,96
"4","CZ04_21_c",17.070593,48.852692,1,14.6,9.61250019073486,8.65833282470703,30.0636558532715,7.67102355957031,25.2000007629395,-3.59999990463257,28.8000011444092,18.9333343505859,1.58333337306976,18.9333343505859,0.0333333015441895,627,90,28,41.5476684570312,252,91,252,96
"5","CZ04_32",17.070593,48.852692,1,14.6,9.61250019073486,8.65833282470703,30.0636558532715,7.67102355957031,25.2000007629395,-3.59999990463257,28.8000011444092,18.9333343505859,1.58333337306976,18.9333343505859,0.0333333015441895,627,90,28,41.5476684570312,252,91,252,96
"6","DE03_DG102010",6.1,51.233333,1,14.5,9.95833301544189,7.59999990463257,33.7777786254883,5.63942443847656,22.5,0,22.5,15.6000003814697,5.91666698455811,17,3.21666669845581,728,76,45,13.6260671615601,206,155,201,177
"7","DE03_DG102013",6.1,51.233333,1,14.5,9.95833301544189,7.59999990463257,33.7777786254883,5.63942443847656,22.5,0,22.5,15.6000003814697,5.91666698455811,17,3.21666669845581,728,76,45,13.6260671615601,206,155,201,177
"8","DE03_DG102014",6.1,51.233333,1,14.5,9.95833301544189,7.59999990463257,33.7777786254883,5.63942443847656,22.5,0,22.5,15.6000003814697,5.91666698455811,17,3.21666669845581,728,76,45,13.6260671615601,206,155,201,177
"9","DE03_DG102015",6.1,51.233333,1,14.5,9.95833301544189,7.59999990463257,33.7777786254883,5.63942443847656,22.5,0,22.5,15.6000003814697,5.91666698455811,17,3.21666669845581,728,76,45,13.6260671615601,206,155,201,177
"10","DE03_DG102017",6.1,51.233333,1,14.5,9.95833301544189,7.59999990463257,33.7777786254883,5.63942443847656,22.5,0,22.5,15.6000003814697,5.91666698455811,17,3.21666669845581,728,76,45,13.6260671615601,206,155,201,177
"11","DE03_DG102019",6.1,51.233333,1,14.5,9.95833301544189,7.59999990463257,33.7777786254883,5.63942443847656,22.5,0,22.5,15.6000003814697,5.91666698455811,17,3.21666669845581,728,76,45,13.6260671615601,206,155,201,177
"12","DE03_DG102021",6.1,51.233333,1,14.5,9.95833301544189,7.59999990463257,33.7777786254883,5.63942443847656,22.5,0,22.5,15.6000003814697,5.91666698455811,17,3.21666669845581,728,76,45,13.6260671615601,206,155,201,177
"13","DE03_DG102022",6.1,51.233333,1,14.5,9.95833301544189,7.59999990463257,33.7777786254883,5.63942443847656,22.5,0,22.5,15.6000003814697,5.91666698455811,17,3.21666669845581,728,76,45,13.6260671615601,206,155,201,177
"14","DE03_DG102023",6.1,51.233333,1,14.5,9.95833301544189,7.59999990463257,33.7777786254883,5.63942443847656,22.5,0,22.5,15.6000003814697,5.91666698455811,17,3.21666669845581,728,76,45,13.6260671615601,206,155,201,177
"15","DE03_DG102025",6.1,51.233333,1,14.5,9.95833301544189,7.59999990463257,33.7777786254883,5.63942443847656,22.5,0,22.5,15.6000003814697,5.91666698455811,17,3.21666669845581,728,76,45,13.6260671615601,206,155,201,177
"16","DE03_MH103001",10.847465,49.663874,1,8.3,8.67083358764648,9.42500019073486,34.7785987854004,6.8200390625,23.7999992370605,-3.29999995231628,27.0999984741211,15.6666669845581,4.26666641235352,17.1833324432373,0.433333337306976,700,78,45,16.9354515075684,215,144,208,162
"17","DE03_MH103002",10.847465,49.663874,1,8.3,8.67083358764648,9.42500019073486,34.7785987854004,6.8200390625,23.7999992370605,-3.29999995231628,27.0999984741211,15.6666669845581,4.26666641235352,17.1833324432373,0.433333337306976,700,78,45,16.9354515075684,215,144,208,162
"18","DE03_MH103012",10.847465,49.663874,1,8.3,8.67083358764648,9.42500019073486,34.7785987854004,6.8200390625,23.7999992370605,-3.29999995231628,27.0999984741211,15.6666669845581,4.26666641235352,17.1833324432373,0.433333337306976,700,78,45,16.9354515075684,215,144,208,162
"19","DE03_MH103016",10.847465,49.663874,1,8.3,8.67083358764648,9.42500019073486,34.7785987854004,6.8200390625,23.7999992370605,-3.29999995231628,27.0999984741211,15.6666669845581,4.26666641235352,17.1833324432373,0.433333337306976,700,78,45,16.9354515075684,215,144,208,162
"20","DE03_MH103017",10.847465,49.663874,1,8.3,8.67083358764648,9.42500019073486,34.7785987854004,6.8200390625,23.7999992370605,-3.29999995231628,27.0999984741211,15.6666669845581,4.26666641235352,17.1833324432373,0.433333337306976,700,78,45,16.9354515075684,215,144,208,162
"21","DE03_MH103032",10.847465,49.663874,1,8.3,8.67083358764648,9.42500019073486,34.7785987854004,6.8200390625,23.7999992370605,-3.29999995231628,27.0999984741211,15.6666669845581,4.26666641235352,17.1833324432373,0.433333337306976,700,78,45,16.9354515075684,215,144,208,162
"22","DE03_MH103033",10.847465,49.663874,1,8.3,8.67083358764648,9.42500019073486,34.7785987854004,6.8200390625,23.7999992370605,-3.29999995231628,27.0999984741211,15.6666669845581,4.26666641235352,17.1833324432373,0.433333337306976,700,78,45,16.9354515075684,215,144,208,162
"23","DE03_MH103034",10.847465,49.663874,1,8.3,8.67083358764648,9.42500019073486,34.7785987854004,6.8200390625,23.7999992370605,-3.29999995231628,27.0999984741211,15.6666669845581,4.26666641235352,17.1833324432373,0.433333337306976,700,78,45,16.9354515075684,215,144,208,162
"24","DE03_MH103035",10.847465,49.663874,1,8.3,8.67083358764648,9.42500019073486,34.7785987854004,6.8200390625,23.7999992370605,-3.29999995231628,27.0999984741211,15.6666669845581,4.26666641235352,17.1833324432373,0.433333337306976,700,78,45,16.9354515075684,215,144,208,162
"25","DK04_110002",12.120345,55.971545,1,8.1,7.93333339691162,5.01666641235352,22.5975971221924,6.58349609375,20.1000003814697,-2.09999990463257,22.2000007629395,15.3833332061768,2.98333334922791,16.1499996185303,0.0333333425223827,577,64,28,23.1065464019775,183,100,176,123
"26","DK04_110003",12.120345,55.971545,1,8.1,7.93333339691162,5.01666641235352,22.5975971221924,6.58349609375,20.1000003814697,-2.09999990463257,22.2000007629395,15.3833332061768,2.98333334922791,16.1499996185303,0.0333333425223827,577,64,28,23.1065464019775,183,100,176,123
"27","DK04_110004",12.120345,55.971545,1,8.1,7.93333339691162,5.01666641235352,22.5975971221924,6.58349609375,20.1000003814697,-2.09999990463257,22.2000007629395,15.3833332061768,2.98333334922791,16.1499996185303,0.0333333425223827,577,64,28,23.1065464019775,183,100,176,123
"28","DK04_110017",12.120345,55.971545,1,8.1,7.93333339691162,5.01666641235352,22.5975971221924,6.58349609375,20.1000003814697,-2.09999990463257,22.2000007629395,15.3833332061768,2.98333334922791,16.1499996185303,0.0333333425223827,577,64,28,23.1065464019775,183,100,176,123
"29","DK04_110019",12.120345,55.971545,1,8.1,7.93333339691162,5.01666641235352,22.5975971221924,6.58349609375,20.1000003814697,-2.09999990463257,22.2000007629395,15.3833332061768,2.98333334922791,16.1499996185303,0.0333333425223827,577,64,28,23.1065464019775,183,100,176,123
"30","DK04_110022",12.120345,55.971545,1,8.1,7.93333339691162,5.01666641235352,22.5975971221924,6.58349609375,20.1000003814697,-2.09999990463257,22.2000007629395,15.3833332061768,2.98333334922791,16.1499996185303,0.0333333425223827,577,64,28,23.1065464019775,183,100,176,123
"31","DK04_110025",12.120345,55.971545,1,8.1,7.93333339691162,5.01666641235352,22.5975971221924,6.58349609375,20.1000003814697,-2.09999990463257,22.2000007629395,15.3833332061768,2.98333334922791,16.1499996185303,0.0333333425223827,577,64,28,23.1065464019775,183,100,176,123
"32","DK04_110026",12.120345,55.971545,1,8.1,7.93333339691162,5.01666641235352,22.5975971221924,6.58349609375,20.1000003814697,-2.09999990463257,22.2000007629395,15.3833332061768,2.98333334922791,16.1499996185303,0.0333333425223827,577,64,28,23.1065464019775,183,100,176,123
"33","DK04_110033",12.120345,55.971545,1,8.1,7.93333339691162,5.01666641235352,22.5975971221924,6.58349609375,20.1000003814697,-2.09999990463257,22.2000007629395,15.3833332061768,2.98333334922791,16.1499996185303,0.0333333425223827,577,64,28,23.1065464019775,183,100,176,123
"34","EE19_CB86701",24.533106,58.384923,0,0,6.02500009536743,6.54999971389771,22.3549480438232,8.25110168457031,21.6000003814697,-7.69999980926514,29.2999992370605,6.53333330154419,-0.499999940395355,16.4833335876465,-3.70000004768372,693,81,31,31.2774505615234,229,106,206,144
"35","EE19_CB86702",24.533106,58.384923,0,0,6.02500009536743,6.54999971389771,22.3549480438232,8.25110168457031,21.6000003814697,-7.69999980926514,29.2999992370605,6.53333330154419,-0.499999940395355,16.4833335876465,-3.70000004768372,693,81,31,31.2774505615234,229,106,206,144
"36","EE19_CB86703",24.533106,58.384923,0,0,6.02500009536743,6.54999971389771,22.3549480438232,8.25110168457031,21.6000003814697,-7.69999980926514,29.2999992370605,6.53333330154419,-0.499999940395355,16.4833335876465,-3.70000004768372,693,81,31,31.2774505615234,229,106,206,144
"37","EE19_CB86704",24.533106,58.384923,0,0,6.02500009536743,6.54999971389771,22.3549480438232,8.25110168457031,21.6000003814697,-7.69999980926514,29.2999992370605,6.53333330154419,-0.499999940395355,16.4833335876465,-3.70000004768372,693,81,31,31.2774505615234,229,106,206,144
"38","EE19_CB86705",24.533106,58.384923,0,0,6.02500009536743,6.54999971389771,22.3549480438232,8.25110168457031,21.6000003814697,-7.69999980926514,29.2999992370605,6.53333330154419,-0.499999940395355,16.4833335876465,-3.70000004768372,693,81,31,31.2774505615234,229,106,206,144
"39","EE19_CB86707",24.533106,58.384923,0,0,6.02500009536743,6.54999971389771,22.3549480438232,8.25110168457031,21.6000003814697,-7.69999980926514,29.2999992370605,6.53333330154419,-0.499999940395355,16.4833335876465,-3.70000004768372,693,81,31,31.2774505615234,229,106,206,144
"40","EE19_CB86708",24.533106,58.384923,0,0,6.02500009536743,6.54999971389771,22.3549480438232,8.25110168457031,21.6000003814697,-7.69999980926514,29.2999992370605,6.53333330154419,-0.499999940395355,16.4833335876465,-3.70000004768372,693,81,31,31.2774505615234,229,106,206,144
"41","EE19_CB86710",24.533106,58.384923,0,0,6.02500009536743,6.54999971389771,22.3549480438232,8.25110168457031,21.6000003814697,-7.69999980926514,29.2999992370605,6.53333330154419,-0.499999940395355,16.4833335876465,-3.70000004768372,693,81,31,31.2774505615234,229,106,206,144
"42","EE19_CB86711",24.533106,58.384923,0,0,6.02500009536743,6.54999971389771,22.3549480438232,8.25110168457031,21.6000003814697,-7.69999980926514,29.2999992370605,6.53333330154419,-0.499999940395355,16.4833335876465,-3.70000004768372,693,81,31,31.2774505615234,229,106,206,144
"43","EE19_CB86712",24.533106,58.384923,0,0,6.02500009536743,6.54999971389771,22.3549480438232,8.25110168457031,21.6000003814697,-7.69999980926514,29.2999992370605,6.53333330154419,-0.499999940395355,16.4833335876465,-3.70000004768372,693,81,31,31.2774505615234,229,106,206,144
"44","ES04_108002",0.79174,40.734138,1,21.1,16.6958332061768,8.84166622161865,38.779239654541,5.2754345703125,28.5,5.69999980926514,22.7999992370605,17.8166675567627,23.2333335876465,23.4166660308838,10.5666666030884,590,93,14,44.9024848937988,243,85,135,118
"45","ES04_108009",0.79174,40.734138,1,21.1,16.6958332061768,8.84166622161865,38.779239654541,5.2754345703125,28.5,5.69999980926514,22.7999992370605,17.8166675567627,23.2333335876465,23.4166660308838,10.5666666030884,590,93,14,44.9024848937988,243,85,135,118
"46","ES04_108010",0.79174,40.734138,1,21.1,16.6958332061768,8.84166622161865,38.779239654541,5.2754345703125,28.5,5.69999980926514,22.7999992370605,17.8166675567627,23.2333335876465,23.4166660308838,10.5666666030884,590,93,14,44.9024848937988,243,85,135,118
"47","ES04_108011",0.79174,40.734138,1,21.1,16.6958332061768,8.84166622161865,38.779239654541,5.2754345703125,28.5,5.69999980926514,22.7999992370605,17.8166675567627,23.2333335876465,23.4166660308838,10.5666666030884,590,93,14,44.9024848937988,243,85,135,118
"48","ES04_108013",0.79174,40.734138,1,21.1,16.6958332061768,8.84166622161865,38.779239654541,5.2754345703125,28.5,5.69999980926514,22.7999992370605,17.8166675567627,23.2333335876465,23.4166660308838,10.5666666030884,590,93,14,44.9024848937988,243,85,135,118
"49","ES04_108015",0.79174,40.734138,1,21.1,16.6958332061768,8.84166622161865,38.779239654541,5.2754345703125,28.5,5.69999980926514,22.7999992370605,17.8166675567627,23.2333335876465,23.4166660308838,10.5666666030884,590,93,14,44.9024848937988,243,85,135,118
"50","ES04_108016",0.79174,40.734138,1,21.1,16.6958332061768,8.84166622161865,38.779239654541,5.2754345703125,28.5,5.69999980926514,22.7999992370605,17.8166675567627,23.2333335876465,23.4166660308838,10.5666666030884,590,93,14,44.9024848937988,243,85,135,118
"51","ES04_108018",0.79174,40.734138,1,21.1,16.6958332061768,8.84166622161865,38.779239654541,5.2754345703125,28.5,5.69999980926514,22.7999992370605,17.8166675567627,23.2333335876465,23.4166660308838,10.5666666030884,590,93,14,44.9024848937988,243,85,135,118
"52","ES04_108019",0.79174,40.734138,1,21.1,16.6958332061768,8.84166622161865,38.779239654541,5.2754345703125,28.5,5.69999980926514,22.7999992370605,17.8166675567627,23.2333335876465,23.4166660308838,10.5666666030884,590,93,14,44.9024848937988,243,85,135,118
"53","FI18_HA70276",22.49918,60.41889,0,0,5.07499980926514,8.10000038146973,25.8785934448242,8.14525817871094,21.6000003814697,-9.69999980926514,31.2999992370605,14.1166667938232,3.70000004768372,15.5,-4.53333330154419,660,78,33,29.7738075256348,219,110,203,144
"54","FI18_HA70277",22.49918,60.41889,0,0,5.07499980926514,8.10000038146973,25.8785934448242,8.14525817871094,21.6000003814697,-9.69999980926514,31.2999992370605,14.1166667938232,3.70000004768372,15.5,-4.53333330154419,660,78,33,29.7738075256348,219,110,203,144
"55","FI18_HA70274",22.49918,60.41889,0,0,5.07499980926514,8.10000038146973,25.8785934448242,8.14525817871094,21.6000003814697,-9.69999980926514,31.2999992370605,14.1166667938232,3.70000004768372,15.5,-4.53333330154419,660,78,33,29.7738075256348,219,110,203,144
"56","FI18_HA70275",22.49918,60.41889,0,0,5.07499980926514,8.10000038146973,25.8785934448242,8.14525817871094,21.6000003814697,-9.69999980926514,31.2999992370605,14.1166667938232,3.70000004768372,15.5,-4.53333330154419,660,78,33,29.7738075256348,219,110,203,144
"57","FI18_HA70232",22.49918,60.41889,0,0,5.07499980926514,8.10000038146973,25.8785934448242,8.14525817871094,21.6000003814697,-9.69999980926514,31.2999992370605,14.1166667938232,3.70000004768372,15.5,-4.53333330154419,660,78,33,29.7738075256348,219,110,203,144
"58","FI18_HA70233",22.49918,60.41889,0,0,5.07499980926514,8.10000038146973,25.8785934448242,8.14525817871094,21.6000003814697,-9.69999980926514,31.2999992370605,14.1166667938232,3.70000004768372,15.5,-4.53333330154419,660,78,33,29.7738075256348,219,110,203,144
"59","FI18_HA70244",24.70126,60.14174,0,0,5.14166688919067,6.26666641235352,21.387939453125,8.17620788574219,20.6000003814697,-8.69999980926514,29.2999992370605,10.6999998092651,3.51666665077209,15.6166667938232,-4.46666669845581,638,76,32,29.3894844055176,213,107,188,138
"60","FI18_HA70245",24.70126,60.14174,0,0,5.14166688919067,6.26666641235352,21.387939453125,8.17620788574219,20.6000003814697,-8.69999980926514,29.2999992370605,10.6999998092651,3.51666665077209,15.6166667938232,-4.46666669845581,638,76,32,29.3894844055176,213,107,188,138
"61","FI18_HA70246",24.70126,60.14174,0,0,5.14166688919067,6.26666641235352,21.387939453125,8.17620788574219,20.6000003814697,-8.69999980926514,29.2999992370605,10.6999998092651,3.51666665077209,15.6166667938232,-4.46666669845581,638,76,32,29.3894844055176,213,107,188,138
"62","FI18_HA70234",24.70126,60.14174,0,0,5.14166688919067,6.26666641235352,21.387939453125,8.17620788574219,20.6000003814697,-8.69999980926514,29.2999992370605,10.6999998092651,3.51666665077209,15.6166667938232,-4.46666669845581,638,76,32,29.3894844055176,213,107,188,138
"63","FI18_596153H",24.70126,60.14174,0,0,5.14166688919067,6.26666641235352,21.387939453125,8.17620788574219,20.6000003814697,-8.69999980926514,29.2999992370605,10.6999998092651,3.51666665077209,15.6166667938232,-4.46666669845581,638,76,32,29.3894844055176,213,107,188,138
"64","FI18_HA70281",24.70126,60.14174,0,0,5.14166688919067,6.26666641235352,21.387939453125,8.17620788574219,20.6000003814697,-8.69999980926514,29.2999992370605,10.6999998092651,3.51666665077209,15.6166667938232,-4.46666669845581,638,76,32,29.3894844055176,213,107,188,138
"65","FI18_HA70241",24.70126,60.14174,0,0,5.14166688919067,6.26666641235352,21.387939453125,8.17620788574219,20.6000003814697,-8.69999980926514,29.2999992370605,10.6999998092651,3.51666665077209,15.6166667938232,-4.46666669845581,638,76,32,29.3894844055176,213,107,188,138
"66","FI18_HA70239",24.70126,60.14174,0,0,5.14166688919067,6.26666641235352,21.387939453125,8.17620788574219,20.6000003814697,-8.69999980926514,29.2999992370605,10.6999998092651,3.51666665077209,15.6166667938232,-4.46666669845581,638,76,32,29.3894844055176,213,107,188,138
"67","FI18_HA70240",24.70126,60.14174,0,0,5.14166688919067,6.26666641235352,21.387939453125,8.17620788574219,20.6000003814697,-8.69999980926514,29.2999992370605,10.6999998092651,3.51666665077209,15.6166667938232,-4.46666669845581,638,76,32,29.3894844055176,213,107,188,138
"68","FI18_HA70238",24.70126,60.14174,0,0,5.14166688919067,6.26666641235352,21.387939453125,8.17620788574219,20.6000003814697,-8.69999980926514,29.2999992370605,10.6999998092651,3.51666665077209,15.6166667938232,-4.46666669845581,638,76,32,29.3894844055176,213,107,188,138
"69","FI18_HA70215",25.69772,60.33569,0,0,4.57499980926514,8.23333263397217,25.1783885955811,8.46773254394531,21.7999992370605,-10.8999996185303,32.6999969482422,9.91666603088379,3.29999995231628,15.4166660308838,-5.43333339691162,666,78,33,27.7856121063232,215,112,192,151
"70","FI18_HA70216",25.69772,60.33569,0,0,4.57499980926514,8.23333263397217,25.1783885955811,8.46773254394531,21.7999992370605,-10.8999996185303,32.6999969482422,9.91666603088379,3.29999995231628,15.4166660308838,-5.43333339691162,666,78,33,27.7856121063232,215,112,192,151
"71","FI18_HA70221",25.69772,60.33569,0,0,4.57499980926514,8.23333263397217,25.1783885955811,8.46773254394531,21.7999992370605,-10.8999996185303,32.6999969482422,9.91666603088379,3.29999995231628,15.4166660308838,-5.43333339691162,666,78,33,27.7856121063232,215,112,192,151
"72","FI18_HA70220_c",25.69772,60.33569,0,0,4.57499980926514,8.23333263397217,25.1783885955811,8.46773254394531,21.7999992370605,-10.8999996185303,32.6999969482422,9.91666603088379,3.29999995231628,15.4166660308838,-5.43333339691162,666,78,33,27.7856121063232,215,112,192,151
"73","FI18_HA70228",25.69772,60.33569,0,0,4.57499980926514,8.23333263397217,25.1783885955811,8.46773254394531,21.7999992370605,-10.8999996185303,32.6999969482422,9.91666603088379,3.29999995231628,15.4166660308838,-5.43333339691162,666,78,33,27.7856121063232,215,112,192,151
"74","FI18_HA70222",25.69772,60.33569,0,0,4.57499980926514,8.23333263397217,25.1783885955811,8.46773254394531,21.7999992370605,-10.8999996185303,32.6999969482422,9.91666603088379,3.29999995231628,15.4166660308838,-5.43333339691162,666,78,33,27.7856121063232,215,112,192,151
"75","FI18_HA70223",25.69772,60.33569,0,0,4.57499980926514,8.23333263397217,25.1783885955811,8.46773254394531,21.7999992370605,-10.8999996185303,32.6999969482422,9.91666603088379,3.29999995231628,15.4166660308838,-5.43333339691162,666,78,33,27.7856121063232,215,112,192,151
"76","FI18_HA70204",25.69772,60.33569,0,0,4.57499980926514,8.23333263397217,25.1783885955811,8.46773254394531,21.7999992370605,-10.8999996185303,32.6999969482422,9.91666603088379,3.29999995231628,15.4166660308838,-5.43333339691162,666,78,33,27.7856121063232,215,112,192,151
"77","FI18_HA70201",25.69772,60.33569,0,0,4.57499980926514,8.23333263397217,25.1783885955811,8.46773254394531,21.7999992370605,-10.8999996185303,32.6999969482422,9.91666603088379,3.29999995231628,15.4166660308838,-5.43333339691162,666,78,33,27.7856121063232,215,112,192,151
"78","FI18_HA70208",25.69772,60.33569,0,0,4.57499980926514,8.23333263397217,25.1783885955811,8.46773254394531,21.7999992370605,-10.8999996185303,32.6999969482422,9.91666603088379,3.29999995231628,15.4166660308838,-5.43333339691162,666,78,33,27.7856121063232,215,112,192,151
"79","FR04_109006_c",-4.352747,47.897121,0,0,12.1208333969116,5.30833339691162,34.6949882507324,3.64582305908203,20.7000007629395,5.40000009536743,15.3000011444092,9.01666641235352,16.5833339691162,16.783332824707,8.05000019073486,1012,131,41,36.2380905151367,381,146,174,349
"80","FR04_109007",-4.352747,47.897121,0,0,12.1208333969116,5.30833339691162,34.6949882507324,3.64582305908203,20.7000007629395,5.40000009536743,15.3000011444092,9.01666641235352,16.5833339691162,16.783332824707,8.05000019073486,1012,131,41,36.2380905151367,381,146,174,349
"81","FR04_109010",-4.352747,47.897121,0,0,12.1208333969116,5.30833339691162,34.6949882507324,3.64582305908203,20.7000007629395,5.40000009536743,15.3000011444092,9.01666641235352,16.5833339691162,16.783332824707,8.05000019073486,1012,131,41,36.2380905151367,381,146,174,349
"82","FR04_109011",-4.352747,47.897121,0,0,12.1208333969116,5.30833339691162,34.6949882507324,3.64582305908203,20.7000007629395,5.40000009536743,15.3000011444092,9.01666641235352,16.5833339691162,16.783332824707,8.05000019073486,1012,131,41,36.2380905151367,381,146,174,349
"83","FR04_109014",-4.352747,47.897121,0,0,12.1208333969116,5.30833339691162,34.6949882507324,3.64582305908203,20.7000007629395,5.40000009536743,15.3000011444092,9.01666641235352,16.5833339691162,16.783332824707,8.05000019073486,1012,131,41,36.2380905151367,381,146,174,349
"84","FR04_109015",-4.352747,47.897121,0,0,12.1208333969116,5.30833339691162,34.6949882507324,3.64582305908203,20.7000007629395,5.40000009536743,15.3000011444092,9.01666641235352,16.5833339691162,16.783332824707,8.05000019073486,1012,131,41,36.2380905151367,381,146,174,349
"85","FR04_109016",-4.352747,47.897121,0,0,12.1208333969116,5.30833339691162,34.6949882507324,3.64582305908203,20.7000007629395,5.40000009536743,15.3000011444092,9.01666641235352,16.5833339691162,16.783332824707,8.05000019073486,1012,131,41,36.2380905151367,381,146,174,349
"86","FR04_109017",-4.352747,47.897121,0,0,12.1208333969116,5.30833339691162,34.6949882507324,3.64582305908203,20.7000007629395,5.40000009536743,15.3000011444092,9.01666641235352,16.5833339691162,16.783332824707,8.05000019073486,1012,131,41,36.2380905151367,381,146,174,349
"87","FR04_109018",-4.352747,47.897121,0,0,12.1208333969116,5.30833339691162,34.6949882507324,3.64582305908203,20.7000007629395,5.40000009536743,15.3000011444092,9.01666641235352,16.5833339691162,16.783332824707,8.05000019073486,1012,131,41,36.2380905151367,381,146,174,349
"88","HR05_13",17.44803,43.05231,0,0,16.6333332061768,8.21666622161865,29.1371154785156,7.286298828125,31.7999992370605,3.59999990463257,28.1999988555908,12.6166667938232,25.9166660308838,25.9166660308838,7.80000019073486,936,120,35,32.6224365234375,329,133,133,281
"89","HR05_15",17.44803,43.05231,0,0,16.6333332061768,8.21666622161865,29.1371154785156,7.286298828125,31.7999992370605,3.59999990463257,28.1999988555908,12.6166667938232,25.9166660308838,25.9166660308838,7.80000019073486,936,120,35,32.6224365234375,329,133,133,281
"90","HR05_22",17.44803,43.05231,0,0,16.6333332061768,8.21666622161865,29.1371154785156,7.286298828125,31.7999992370605,3.59999990463257,28.1999988555908,12.6166667938232,25.9166660308838,25.9166660308838,7.80000019073486,936,120,35,32.6224365234375,329,133,133,281
"91","HR05_25",17.44803,43.05231,0,0,16.6333332061768,8.21666622161865,29.1371154785156,7.286298828125,31.7999992370605,3.59999990463257,28.1999988555908,12.6166667938232,25.9166660308838,25.9166660308838,7.80000019073486,936,120,35,32.6224365234375,329,133,133,281
"92","HR05_29",17.44803,43.05231,0,0,16.6333332061768,8.21666622161865,29.1371154785156,7.286298828125,31.7999992370605,3.59999990463257,28.1999988555908,12.6166667938232,25.9166660308838,25.9166660308838,7.80000019073486,936,120,35,32.6224365234375,329,133,133,281
"93","HR05_39",17.44803,43.05231,0,0,16.6333332061768,8.21666622161865,29.1371154785156,7.286298828125,31.7999992370605,3.59999990463257,28.1999988555908,12.6166667938232,25.9166660308838,25.9166660308838,7.80000019073486,936,120,35,32.6224365234375,329,133,133,281
"94","HR05_46",17.44803,43.05231,0,0,16.6333332061768,8.21666622161865,29.1371154785156,7.286298828125,31.7999992370605,3.59999990463257,28.1999988555908,12.6166667938232,25.9166660308838,25.9166660308838,7.80000019073486,936,120,35,32.6224365234375,329,133,133,281
"95","HR05_47",17.44803,43.05231,0,0,16.6333332061768,8.21666622161865,29.1371154785156,7.286298828125,31.7999992370605,3.59999990463257,28.1999988555908,12.6166667938232,25.9166660308838,25.9166660308838,7.80000019073486,936,120,35,32.6224365234375,329,133,133,281
"96","IT17_10",15.87284,41.55914,0,0,16.1458339691162,9.10833358764648,34.8978271484375,6.27771911621094,30.6000003814697,4.5,26.1000003814697,17.2000007629395,24.1666679382324,24.1666679382324,9.10000038146973,437,54,22,24.8751678466797,144,74,74,114
"97","IT17_13",15.87284,41.55914,0,0,16.1458339691162,9.10833358764648,34.8978271484375,6.27771911621094,30.6000003814697,4.5,26.1000003814697,17.2000007629395,24.1666679382324,24.1666679382324,9.10000038146973,437,54,22,24.8751678466797,144,74,74,114
"98","IT17_14",15.87284,41.55914,0,0,16.1458339691162,9.10833358764648,34.8978271484375,6.27771911621094,30.6000003814697,4.5,26.1000003814697,17.2000007629395,24.1666679382324,24.1666679382324,9.10000038146973,437,54,22,24.8751678466797,144,74,74,114
"99","IT17_18",15.87284,41.55914,0,0,16.1458339691162,9.10833358764648,34.8978271484375,6.27771911621094,30.6000003814697,4.5,26.1000003814697,17.2000007629395,24.1666679382324,24.1666679382324,9.10000038146973,437,54,22,24.8751678466797,144,74,74,114
"100","IT17_2",15.87284,41.55914,0,0,16.1458339691162,9.10833358764648,34.8978271484375,6.27771911621094,30.6000003814697,4.5,26.1000003814697,17.2000007629395,24.1666679382324,24.1666679382324,9.10000038146973,437,54,22,24.8751678466797,144,74,74,114
"101","IT17_21",15.87284,41.55914,0,0,16.1458339691162,9.10833358764648,34.8978271484375,6.27771911621094,30.6000003814697,4.5,26.1000003814697,17.2000007629395,24.1666679382324,24.1666679382324,9.10000038146973,437,54,22,24.8751678466797,144,74,74,114
"102","IT17_3",15.87284,41.55914,0,0,16.1458339691162,9.10833358764648,34.8978271484375,6.27771911621094,30.6000003814697,4.5,26.1000003814697,17.2000007629395,24.1666679382324,24.1666679382324,9.10000038146973,437,54,22,24.8751678466797,144,74,74,114
"103","IT17_6_c",15.87284,41.55914,0,0,16.1458339691162,9.10833358764648,34.8978271484375,6.27771911621094,30.6000003814697,4.5,26.1000003814697,17.2000007629395,24.1666679382324,24.1666679382324,9.10000038146973,437,54,22,24.8751678466797,144,74,74,114
"104","IT17_7",15.87284,41.55914,0,0,16.1458339691162,9.10833358764648,34.8978271484375,6.27771911621094,30.6000003814697,4.5,26.1000003814697,17.2000007629395,24.1666679382324,24.1666679382324,9.10000038146973,437,54,22,24.8751678466797,144,74,74,114
"105","IT17_8",15.87284,41.55914,0,0,16.1458339691162,9.10833358764648,34.8978271484375,6.27771911621094,30.6000003814697,4.5,26.1000003814697,17.2000007629395,24.1666679382324,24.1666679382324,9.10000038146973,437,54,22,24.8751678466797,144,74,74,114
"106","LT03_107020",21.23441,55.35071,0,0,7.32083320617676,6.14166688919067,24.3716945648193,7.28857971191406,20.7999992370605,-4.40000009536743,25.1999988555908,8.13333320617676,1.68333327770233,16.3500003814697,-1.40000009536743,769,89,36,32.3789253234863,262,115,226,159
"107","LT03_107021",21.23441,55.35071,0,0,7.32083320617676,6.14166688919067,24.3716945648193,7.28857971191406,20.7999992370605,-4.40000009536743,25.1999988555908,8.13333320617676,1.68333327770233,16.3500003814697,-1.40000009536743,769,89,36,32.3789253234863,262,115,226,159
"108","LT03_107022",21.23441,55.35071,0,0,7.32083320617676,6.14166688919067,24.3716945648193,7.28857971191406,20.7999992370605,-4.40000009536743,25.1999988555908,8.13333320617676,1.68333327770233,16.3500003814697,-1.40000009536743,769,89,36,32.3789253234863,262,115,226,159
"109","LT03_107025",21.23441,55.35071,0,0,7.32083320617676,6.14166688919067,24.3716945648193,7.28857971191406,20.7999992370605,-4.40000009536743,25.1999988555908,8.13333320617676,1.68333327770233,16.3500003814697,-1.40000009536743,769,89,36,32.3789253234863,262,115,226,159
"110","LT03_107028",21.23441,55.35071,0,0,7.32083320617676,6.14166688919067,24.3716945648193,7.28857971191406,20.7999992370605,-4.40000009536743,25.1999988555908,8.13333320617676,1.68333327770233,16.3500003814697,-1.40000009536743,769,89,36,32.3789253234863,262,115,226,159
"111","LT03_107029",21.23441,55.35071,0,0,7.32083320617676,6.14166688919067,24.3716945648193,7.28857971191406,20.7999992370605,-4.40000009536743,25.1999988555908,8.13333320617676,1.68333327770233,16.3500003814697,-1.40000009536743,769,89,36,32.3789253234863,262,115,226,159
"112","LT03_107032",21.23441,55.35071,0,0,7.32083320617676,6.14166688919067,24.3716945648193,7.28857971191406,20.7999992370605,-4.40000009536743,25.1999988555908,8.13333320617676,1.68333327770233,16.3500003814697,-1.40000009536743,769,89,36,32.3789253234863,262,115,226,159
"113","LT03_107037",21.23441,55.35071,0,0,7.32083320617676,6.14166688919067,24.3716945648193,7.28857971191406,20.7999992370605,-4.40000009536743,25.1999988555908,8.13333320617676,1.68333327770233,16.3500003814697,-1.40000009536743,769,89,36,32.3789253234863,262,115,226,159
"114","LT03_107038",21.23441,55.35071,0,0,7.32083320617676,6.14166688919067,24.3716945648193,7.28857971191406,20.7999992370605,-4.40000009536743,25.1999988555908,8.13333320617676,1.68333327770233,16.3500003814697,-1.40000009536743,769,89,36,32.3789253234863,262,115,226,159
"115","LT03_107040",21.23441,55.35071,0,0,7.32083320617676,6.14166688919067,24.3716945648193,7.28857971191406,20.7999992370605,-4.40000009536743,25.1999988555908,8.13333320617676,1.68333327770233,16.3500003814697,-1.40000009536743,769,89,36,32.3789253234863,262,115,226,159
"116","MT14_230245",14.37541,35.93749,0,0,18.720832824707,7.25833320617676,34.5634918212891,5.1348388671875,30.5,9.5,21,14.6999998092651,24.8999996185303,25.3500003814697,12.966667175293,526,101,0,82.7759475708008,270,7,48,181
"117","MT14_278765",14.37541,35.93749,0,0,18.720832824707,7.25833320617676,34.5634918212891,5.1348388671875,30.5,9.5,21,14.6999998092651,24.8999996185303,25.3500003814697,12.966667175293,526,101,0,82.7759475708008,270,7,48,181
"118","MT14_286527",14.37541,35.93749,0,0,18.720832824707,7.25833320617676,34.5634918212891,5.1348388671875,30.5,9.5,21,14.6999998092651,24.8999996185303,25.3500003814697,12.966667175293,526,101,0,82.7759475708008,270,7,48,181
"119","MT14_286586",14.37541,35.93749,0,0,18.720832824707,7.25833320617676,34.5634918212891,5.1348388671875,30.5,9.5,21,14.6999998092651,24.8999996185303,25.3500003814697,12.966667175293,526,101,0,82.7759475708008,270,7,48,181
"120","MT14_286610",14.37541,35.93749,0,0,18.720832824707,7.25833320617676,34.5634918212891,5.1348388671875,30.5,9.5,21,14.6999998092651,24.8999996185303,25.3500003814697,12.966667175293,526,101,0,82.7759475708008,270,7,48,181
"121","MT14_286622",14.37541,35.93749,0,0,18.720832824707,7.25833320617676,34.5634918212891,5.1348388671875,30.5,9.5,21,14.6999998092651,24.8999996185303,25.3500003814697,12.966667175293,526,101,0,82.7759475708008,270,7,48,181
"122","MT14_286623",14.37541,35.93749,0,0,18.720832824707,7.25833320617676,34.5634918212891,5.1348388671875,30.5,9.5,21,14.6999998092651,24.8999996185303,25.3500003814697,12.966667175293,526,101,0,82.7759475708008,270,7,48,181
"123","MT14_286624",14.37541,35.93749,0,0,18.720832824707,7.25833320617676,34.5634918212891,5.1348388671875,30.5,9.5,21,14.6999998092651,24.8999996185303,25.3500003814697,12.966667175293,526,101,0,82.7759475708008,270,7,48,181
"124","NO02_101003",11.45907,59.73894,0,0,5.20833349227905,7.63333320617676,27.0685596466064,7.54085327148437,20.7999992370605,-7.40000009536743,28.1999988555908,10.1166667938232,-0.366666585206985,14.7999992370605,-3.75,784,90,38,27.4410514831543,258,131,235,152
"125","NO02_101005",11.45907,59.73894,0,0,5.20833349227905,7.63333320617676,27.0685596466064,7.54085327148437,20.7999992370605,-7.40000009536743,28.1999988555908,10.1166667938232,-0.366666585206985,14.7999992370605,-3.75,784,90,38,27.4410514831543,258,131,235,152
"126","NO02_101006",11.45907,59.73894,0,0,5.20833349227905,7.63333320617676,27.0685596466064,7.54085327148437,20.7999992370605,-7.40000009536743,28.1999988555908,10.1166667938232,-0.366666585206985,14.7999992370605,-3.75,784,90,38,27.4410514831543,258,131,235,152
"127","NO02_101007",11.45907,59.73894,0,0,5.20833349227905,7.63333320617676,27.0685596466064,7.54085327148437,20.7999992370605,-7.40000009536743,28.1999988555908,10.1166667938232,-0.366666585206985,14.7999992370605,-3.75,784,90,38,27.4410514831543,258,131,235,152
"128","NO02_101008",11.45907,59.73894,0,0,5.20833349227905,7.63333320617676,27.0685596466064,7.54085327148437,20.7999992370605,-7.40000009536743,28.1999988555908,10.1166667938232,-0.366666585206985,14.7999992370605,-3.75,784,90,38,27.4410514831543,258,131,235,152
"129","NO02_101009",11.45907,59.73894,0,0,5.20833349227905,7.63333320617676,27.0685596466064,7.54085327148437,20.7999992370605,-7.40000009536743,28.1999988555908,10.1166667938232,-0.366666585206985,14.7999992370605,-3.75,784,90,38,27.4410514831543,258,131,235,152
"130","NO02_101012",11.45907,59.73894,0,0,5.20833349227905,7.63333320617676,27.0685596466064,7.54085327148437,20.7999992370605,-7.40000009536743,28.1999988555908,10.1166667938232,-0.366666585206985,14.7999992370605,-3.75,784,90,38,27.4410514831543,258,131,235,152
"131","NO02_101013",11.45907,59.73894,0,0,5.20833349227905,7.63333320617676,27.0685596466064,7.54085327148437,20.7999992370605,-7.40000009536743,28.1999988555908,10.1166667938232,-0.366666585206985,14.7999992370605,-3.75,784,90,38,27.4410514831543,258,131,235,152
"132","NO02_101014",11.45907,59.73894,0,0,5.20833349227905,7.63333320617676,27.0685596466064,7.54085327148437,20.7999992370605,-7.40000009536743,28.1999988555908,10.1166667938232,-0.366666585206985,14.7999992370605,-3.75,784,90,38,27.4410514831543,258,131,235,152
"133","NO02_101015",11.45907,59.73894,0,0,5.20833349227905,7.63333320617676,27.0685596466064,7.54085327148437,20.7999992370605,-7.40000009536743,28.1999988555908,10.1166667938232,-0.366666585206985,14.7999992370605,-3.75,784,90,38,27.4410514831543,258,131,235,152
"134","PL03_105017",17.314939,51.534002,1,14.3,8.59583282470703,8.49166679382324,31.3345642089844,7.13341857910156,23.2999992370605,-3.79999995231628,27.0999984741211,17.3666667938232,0.899999976158142,17.3666667938232,-0.116666674613953,538,79,23,38.6264533996582,213,81,213,88
"135","PL03_105021",17.314939,51.534002,1,14.3,8.59583282470703,8.49166679382324,31.3345642089844,7.13341857910156,23.2999992370605,-3.79999995231628,27.0999984741211,17.3666667938232,0.899999976158142,17.3666667938232,-0.116666674613953,538,79,23,38.6264533996582,213,81,213,88
"136","PL03_105024",17.314939,51.534002,1,14.3,8.59583282470703,8.49166679382324,31.3345642089844,7.13341857910156,23.2999992370605,-3.79999995231628,27.0999984741211,17.3666667938232,0.899999976158142,17.3666667938232,-0.116666674613953,538,79,23,38.6264533996582,213,81,213,88
"137","PL03_105025",17.314939,51.534002,1,14.3,8.59583282470703,8.49166679382324,31.3345642089844,7.13341857910156,23.2999992370605,-3.79999995231628,27.0999984741211,17.3666667938232,0.899999976158142,17.3666667938232,-0.116666674613953,538,79,23,38.6264533996582,213,81,213,88
"138","PL03_105033",17.314939,51.534002,1,14.3,8.59583282470703,8.49166679382324,31.3345642089844,7.13341857910156,23.2999992370605,-3.79999995231628,27.0999984741211,17.3666667938232,0.899999976158142,17.3666667938232,-0.116666674613953,538,79,23,38.6264533996582,213,81,213,88
"139","PL03_105034",17.314939,51.534002,1,14.3,8.59583282470703,8.49166679382324,31.3345642089844,7.13341857910156,23.2999992370605,-3.79999995231628,27.0999984741211,17.3666667938232,0.899999976158142,17.3666667938232,-0.116666674613953,538,79,23,38.6264533996582,213,81,213,88
"140","PL03_105036",17.314939,51.534002,1,14.3,8.59583282470703,8.49166679382324,31.3345642089844,7.13341857910156,23.2999992370605,-3.79999995231628,27.0999984741211,17.3666667938232,0.899999976158142,17.3666667938232,-0.116666674613953,538,79,23,38.6264533996582,213,81,213,88
"141","PL06_117001",17.314939,51.534002,1,14.3,8.59583282470703,8.49166679382324,31.3345642089844,7.13341857910156,23.2999992370605,-3.79999995231628,27.0999984741211,17.3666667938232,0.899999976158142,17.3666667938232,-0.116666674613953,538,79,23,38.6264533996582,213,81,213,88
"142","PL06_117029",17.314939,51.534002,1,14.3,8.59583282470703,8.49166679382324,31.3345642089844,7.13341857910156,23.2999992370605,-3.79999995231628,27.0999984741211,17.3666667938232,0.899999976158142,17.3666667938232,-0.116666674613953,538,79,23,38.6264533996582,213,81,213,88
"143","PL06_117031",17.314939,51.534002,1,14.3,8.59583282470703,8.49166679382324,31.3345642089844,7.13341857910156,23.2999992370605,-3.79999995231628,27.0999984741211,17.3666667938232,0.899999976158142,17.3666667938232,-0.116666674613953,538,79,23,38.6264533996582,213,81,213,88
"144","PL06_117083",17.314939,51.534002,1,14.3,8.59583282470703,8.49166679382324,31.3345642089844,7.13341857910156,23.2999992370605,-3.79999995231628,27.0999984741211,17.3666667938232,0.899999976158142,17.3666667938232,-0.116666674613953,538,79,23,38.6264533996582,213,81,213,88
"145","PL06_117087",17.314939,51.534002,1,14.3,8.59583282470703,8.49166679382324,31.3345642089844,7.13341857910156,23.2999992370605,-3.79999995231628,27.0999984741211,17.3666667938232,0.899999976158142,17.3666667938232,-0.116666674613953,538,79,23,38.6264533996582,213,81,213,88
"146","RO03_TR104004",23.899431,46.966139,0,0,8.80416679382324,9.97500038146973,31.7675170898438,8.22099487304687,24.7999992370605,-6.59999990463257,31.3999996185303,17.1000003814697,0.0333334021270275,18.3833332061768,-1.85000002384186,615,93,26,40.8539199829102,246,87,235,101
"147","RO03_TR104007",23.899431,46.966139,0,0,8.80416679382324,9.97500038146973,31.7675170898438,8.22099487304687,24.7999992370605,-6.59999990463257,31.3999996185303,17.1000003814697,0.0333334021270275,18.3833332061768,-1.85000002384186,615,93,26,40.8539199829102,246,87,235,101
"148","RO03_TR104013",23.899431,46.966139,0,0,8.80416679382324,9.97500038146973,31.7675170898438,8.22099487304687,24.7999992370605,-6.59999990463257,31.3999996185303,17.1000003814697,0.0333334021270275,18.3833332061768,-1.85000002384186,615,93,26,40.8539199829102,246,87,235,101
"149","RO03_TR104016",23.899431,46.966139,0,0,8.80416679382324,9.97500038146973,31.7675170898438,8.22099487304687,24.7999992370605,-6.59999990463257,31.3999996185303,17.1000003814697,0.0333334021270275,18.3833332061768,-1.85000002384186,615,93,26,40.8539199829102,246,87,235,101
"150","RO03_TR104017",23.899431,46.966139,0,0,8.80416679382324,9.97500038146973,31.7675170898438,8.22099487304687,24.7999992370605,-6.59999990463257,31.3999996185303,17.1000003814697,0.0333334021270275,18.3833332061768,-1.85000002384186,615,93,26,40.8539199829102,246,87,235,101
"151","RO03_TR104036",23.899431,46.966139,0,0,8.80416679382324,9.97500038146973,31.7675170898438,8.22099487304687,24.7999992370605,-6.59999990463257,31.3999996185303,17.1000003814697,0.0333334021270275,18.3833332061768,-1.85000002384186,615,93,26,40.8539199829102,246,87,235,101
"152","RO03_TR104041",23.899431,46.966139,0,0,8.80416679382324,9.97500038146973,31.7675170898438,8.22099487304687,24.7999992370605,-6.59999990463257,31.3999996185303,17.1000003814697,0.0333334021270275,18.3833332061768,-1.85000002384186,615,93,26,40.8539199829102,246,87,235,101
"153","RO03_TR104042",23.899431,46.966139,0,0,8.80416679382324,9.97500038146973,31.7675170898438,8.22099487304687,24.7999992370605,-6.59999990463257,31.3999996185303,17.1000003814697,0.0333334021270275,18.3833332061768,-1.85000002384186,615,93,26,40.8539199829102,246,87,235,101
"154","RO04_DD111003",28.872278,44.632193,1,5.8,11.3541669845581,6.09166669845581,21.2253189086914,8.43209411621094,26.2000007629395,-2.5,28.7000007629395,19.6166667938232,2.28333330154419,21.8166656494141,1.10000002384186,397,48,23,20.3448848724365,120,78,116,78
"155","RO04_DD111004",28.872278,44.632193,1,5.8,11.3541669845581,6.09166669845581,21.2253189086914,8.43209411621094,26.2000007629395,-2.5,28.7000007629395,19.6166667938232,2.28333330154419,21.8166656494141,1.10000002384186,397,48,23,20.3448848724365,120,78,116,78
"156","RO04_DD111005",28.872278,44.632193,1,5.8,11.3541669845581,6.09166669845581,21.2253189086914,8.43209411621094,26.2000007629395,-2.5,28.7000007629395,19.6166667938232,2.28333330154419,21.8166656494141,1.10000002384186,397,48,23,20.3448848724365,120,78,116,78
"157","RO04_DD111006",28.872278,44.632193,1,5.8,11.3541669845581,6.09166669845581,21.2253189086914,8.43209411621094,26.2000007629395,-2.5,28.7000007629395,19.6166667938232,2.28333330154419,21.8166656494141,1.10000002384186,397,48,23,20.3448848724365,120,78,116,78
"158","RO04_DD111012",28.872278,44.632193,1,5.8,11.3541669845581,6.09166669845581,21.2253189086914,8.43209411621094,26.2000007629395,-2.5,28.7000007629395,19.6166667938232,2.28333330154419,21.8166656494141,1.10000002384186,397,48,23,20.3448848724365,120,78,116,78
"159","RO04_DD111014",28.872278,44.632193,1,5.8,11.3541669845581,6.09166669845581,21.2253189086914,8.43209411621094,26.2000007629395,-2.5,28.7000007629395,19.6166667938232,2.28333330154419,21.8166656494141,1.10000002384186,397,48,23,20.3448848724365,120,78,116,78
"160","RO04_DD111032",28.872278,44.632193,1,5.8,11.3541669845581,6.09166669845581,21.2253189086914,8.43209411621094,26.2000007629395,-2.5,28.7000007629395,19.6166667938232,2.28333330154419,21.8166656494141,1.10000002384186,397,48,23,20.3448848724365,120,78,116,78
"161","SK05_11",17.58332,48.37091,0,0,9.85833358764648,9.80000019073486,32.1311454772949,7.80657775878906,26.6000003814697,-3.90000009536743,30.5,19.3666667938232,1.69999992847443,19.3666667938232,0.149999931454659,625,77,31,31.2806453704834,224,99,224,111
"162","SK05_12",17.58332,48.37091,0,0,9.85833358764648,9.80000019073486,32.1311454772949,7.80657775878906,26.6000003814697,-3.90000009536743,30.5,19.3666667938232,1.69999992847443,19.3666667938232,0.149999931454659,625,77,31,31.2806453704834,224,99,224,111
"163","SK05_13",17.58332,48.37091,0,0,9.85833358764648,9.80000019073486,32.1311454772949,7.80657775878906,26.6000003814697,-3.90000009536743,30.5,19.3666667938232,1.69999992847443,19.3666667938232,0.149999931454659,625,77,31,31.2806453704834,224,99,224,111
"164","SK05_16",17.58332,48.37091,0,0,9.85833358764648,9.80000019073486,32.1311454772949,7.80657775878906,26.6000003814697,-3.90000009536743,30.5,19.3666667938232,1.69999992847443,19.3666667938232,0.149999931454659,625,77,31,31.2806453704834,224,99,224,111
"165","SK05_2",17.58332,48.37091,0,0,9.85833358764648,9.80000019073486,32.1311454772949,7.80657775878906,26.6000003814697,-3.90000009536743,30.5,19.3666667938232,1.69999992847443,19.3666667938232,0.149999931454659,625,77,31,31.2806453704834,224,99,224,111
"166","SK05_6",17.58332,48.37091,0,0,9.85833358764648,9.80000019073486,32.1311454772949,7.80657775878906,26.6000003814697,-3.90000009536743,30.5,19.3666667938232,1.69999992847443,19.3666667938232,0.149999931454659,625,77,31,31.2806453704834,224,99,224,111
"167","SK05_7",17.58332,48.37091,0,0,9.85833358764648,9.80000019073486,32.1311454772949,7.80657775878906,26.6000003814697,-3.90000009536743,30.5,19.3666667938232,1.69999992847443,19.3666667938232,0.149999931454659,625,77,31,31.2806453704834,224,99,224,111
"168","SK05_8",17.58332,48.37091,0,0,9.85833358764648,9.80000019073486,32.1311454772949,7.80657775878906,26.6000003814697,-3.90000009536743,30.5,19.3666667938232,1.69999992847443,19.3666667938232,0.149999931454659,625,77,31,31.2806453704834,224,99,224,111
"169","SK05_9",17.58332,48.37091,0,0,9.85833358764648,9.80000019073486,32.1311454772949,7.80657775878906,26.6000003814697,-3.90000009536743,30.5,19.3666667938232,1.69999992847443,19.3666667938232,0.149999931454659,625,77,31,31.2806453704834,224,99,224,111
"170","TR05_13_c",32.79434,39.76333,0,0,10.8999996185303,11.9166669845581,34.8440551757812,8.32668212890625,29.2999992370605,-4.90000009536743,34.2000007629395,10.1833333969116,20.6333332061768,20.9500007629395,0.449999928474426,379,51,8,42.2119560241699,130,35,52,123
"171","TR05_14",32.79434,39.76333,0,0,10.8999996185303,11.9166669845581,34.8440551757812,8.32668212890625,29.2999992370605,-4.90000009536743,34.2000007629395,10.1833333969116,20.6333332061768,20.9500007629395,0.449999928474426,379,51,8,42.2119560241699,130,35,52,123
"172","TR05_17",32.79434,39.76333,0,0,10.8999996185303,11.9166669845581,34.8440551757812,8.32668212890625,29.2999992370605,-4.90000009536743,34.2000007629395,10.1833333969116,20.6333332061768,20.9500007629395,0.449999928474426,379,51,8,42.2119560241699,130,35,52,123
"173","TR05_26",32.79434,39.76333,0,0,10.8999996185303,11.9166669845581,34.8440551757812,8.32668212890625,29.2999992370605,-4.90000009536743,34.2000007629395,10.1833333969116,20.6333332061768,20.9500007629395,0.449999928474426,379,51,8,42.2119560241699,130,35,52,123
"174","TR05_27",32.79434,39.76333,0,0,10.8999996185303,11.9166669845581,34.8440551757812,8.32668212890625,29.2999992370605,-4.90000009536743,34.2000007629395,10.1833333969116,20.6333332061768,20.9500007629395,0.449999928474426,379,51,8,42.2119560241699,130,35,52,123
"175","TR05_34",32.79434,39.76333,0,0,10.8999996185303,11.9166669845581,34.8440551757812,8.32668212890625,29.2999992370605,-4.90000009536743,34.2000007629395,10.1833333969116,20.6333332061768,20.9500007629395,0.449999928474426,379,51,8,42.2119560241699,130,35,52,123
"176","TR05_36",32.79434,39.76333,0,0,10.8999996185303,11.9166669845581,34.8440551757812,8.32668212890625,29.2999992370605,-4.90000009536743,34.2000007629395,10.1833333969116,20.6333332061768,20.9500007629395,0.449999928474426,379,51,8,42.2119560241699,130,35,52,123
"177","TR05_41",32.79434,39.76333,0,0,10.8999996185303,11.9166669845581,34.8440551757812,8.32668212890625,29.2999992370605,-4.90000009536743,34.2000007629395,10.1833333969116,20.6333332061768,20.9500007629395,0.449999928474426,379,51,8,42.2119560241699,130,35,52,123
